text,label
Chasing goals and dreams on the field.,sports
Every game is a new opportunity to shine.,sports
Pushing limits and breaking barriers.,sports
The thrill of victory is worth the sweat.,sports
"Training hard, playing harder.",sports
Every champion was once a contender.,sports
The only bad workout is the one you didn’t do.,sports
Fueling my passion with every step.,sports
Game day vibes are unmatched.,sports
"Success is a journey, not a destination.",sports
Hustle and heart set us apart.,sports
The field is my second home.,sports
Every setback is a setup for a comeback.,sports
Living for the adrenaline rush.,sports
Teamwork makes the dream work.,sports
The grind never stops.,sports
In it to win it!,sports
Challenging myself to be better every day.,sports
The only way to predict the future is to create it.,sports
"Sweat, smile, repeat.",sports
"The game is on, and so am I.",sports
Every play counts.,sports
"Winning isn’t everything, but wanting to win is.",sports
The only limit is the one you set yourself.,sports
"Striving for greatness, one practice at a time.",sports
The journey is just as important as the destination.,sports
"Success is earned, not given.",sports
Play like there’s no tomorrow.,sports
The only way to do great work is to love what you do.,sports
Every champion was once a beginner.,sports
The thrill of the game keeps me going.,sports
Hard work beats talent when talent doesn’t work hard.,sports
The only thing standing between me and my goals is the story I keep telling myself.,sports
Chasing dreams and catching goals.,sports
"The sweat, the grind, the glory.",sports
Every day is a chance to improve.,sports
The field is where I find my freedom.,sports
"Winning is a habit, not a one-time event.",sports
The only way to achieve the impossible is to believe it is possible.,sports
Every game is a new adventure.,sports
The heart of a champion beats within me.,sports
"Success is the sum of small efforts, repeated day in and day out.",sports
The only way to predict the future is to create it.,sports
"The game is my canvas, and I’m the artist.",sports
Every drop of sweat is a step closer to my goals.,sports
The thrill of competition fuels my fire.,sports
"In the end, we only regret the chances we didn't take.",sports
The field is my sanctuary.,sports
Every match is a chance to prove myself.,sports
The only way to get better is to keep pushing.,sports
"Chasing dreams, one goal at a time.",sports
"The grind is real, but so are the rewards.",sports
Every setback is a setup for a comeback.,sports
The only way to win is to play.,sports
Success is not for the lazy.,sports
"The game is my passion, and I play with heart.",sports
Every moment on the field counts.,sports
The only thing better than winning is winning with friends.,sports
The journey to greatness starts with a single step.,sports
The thrill of the game keeps me alive.,sports
Every practice is a step towards perfection.,sports
The only way to achieve greatness is to never give up.,sports
The field is where I find my strength.,sports
Every game is a new chance to shine.,sports
The only limit is the one you set for yourself.,sports
"Success is a journey, not a destination.",sports
The thrill of competition drives me forward.,sports
Every drop of sweat is a step closer to my dreams.,sports
The game is my escape from reality.,sports
Winning is a mindset.,sports
The only way to succeed is to believe in yourself.,sports
Every challenge is an opportunity to grow.,sports
The field is where I feel alive.,sports
Success is the result of preparation and hard work.,sports
The thrill of victory is worth the struggle.,sports
Every play is a chance to make a difference.,sports
The only way to achieve your goals is to work for them.,sports
"The game is my passion, and I give it my all.",sports
Every moment counts when you're chasing your dreams.,sports
The only way to win is to play with heart.,sports
"Success is not given, it's earned.",sports
The thrill of the game keeps me coming back for more.,sports
Every setback is a chance to come back stronger.,sports
The field is where I find my purpose.,sports
"Winning is a habit, and I’m in training.",sports
The only way to achieve greatness is to keep pushing forward.,sports
Every game is a new opportunity to shine.,sports
"The grind is real, but so are the rewards.",sports
The only limit is the one you set for yourself.,sports
"Success is a journey, not a destination.",sports
The thrill of competition fuels my fire.,sports
Every drop of sweat is a step closer to my goals.,sports
"The game is my passion, and I play with heart.",sports
Every moment on the field counts.,sports
The only thing better than winning is winning with friends.,sports
The journey to greatness starts with a single step.,sports
The thrill of the game keeps me alive.,sports
Every practice is a step towards perfection.,sports
The only way to achieve greatness is to never give up.,sports
The field is where I find my strength.,sports
Every game is a new chance to shine.,sports
The only limit is the one you set for yourself.,sports
"Success is a journey, not a destination.",sports
The thrill of competition drives me forward.,sports
Every drop of sweat is a step closer to my dreams.,sports
The game is my escape from reality.,sports
Winning is a mindset.,sports
The only way to succeed is to believe in yourself.,sports
Every challenge is an opportunity to grow.,sports
The field is where I feel alive.,sports
Success is the result of preparation and hard work.,sports
The thrill of victory is worth the struggle.,sports
Every play is a chance to make a difference.,sports
The only way to achieve your goals is to work for them.,sports
"The game is my passion, and I give it my all.",sports
Every moment counts when you're chasing your dreams.,sports
The only way to win is to play with heart.,sports
"Success is not given, it's earned.",sports
The thrill of the game keeps me coming back for more.,sports
Every setback is a chance to come back stronger.,sports
The field is where I find my purpose.,sports
"Winning is a habit, and I’m in training.",sports
The only way to achieve greatness is to keep pushing forward.,sports
Every game is a new opportunity to shine.,sports
"The grind is real, but so are the rewards.",sports
The only limit is the one you set for yourself.,sports
"Success is a journey, not a destination.",sports
The thrill of competition fuels my fire.,sports
Every drop of sweat is a step closer to my goals.,sports
"The game is my passion, and I play with heart.",sports
Every moment on the field counts.,sports
The only thing better than winning is winning with friends.,sports
The journey to greatness starts with a single step.,sports
The thrill of the game keeps me alive.,sports
Every practice is a step towards perfection.,sports
The only way to achieve greatness is to never give up.,sports
The field is where I find my strength.,sports
Every game is a new chance to shine.,sports
The only limit is the one you set for yourself.,sports
"Success is a journey, not a destination.",sports
The thrill of competition drives me forward.,sports
Every drop of sweat is a step closer to my dreams.,sports
The game is my escape from reality.,sports
Winning is a mindset.,sports
The only way to succeed is to believe in yourself.,sports
Every challenge is an opportunity to grow.,sports
The field is where I feel alive.,sports
Success is the result of preparation and hard work.,sports
The thrill of victory is worth the struggle.,sports
Every play is a chance to make a difference.,sports
The only way to achieve your goals is to work for them.,sports
"The game is my passion, and I give it my all.",sports
Every moment counts when you're chasing your dreams.,sports
The only way to win is to play with heart.,sports
"Success is not given, it's earned.",sports
The thrill of the game keeps me coming back for more.,sports
Every setback is a chance to come back stronger.,sports
The field is where I find my purpose.,sports
"Winning is a habit, and I’m in training.",sports
The only way to achieve greatness is to keep pushing forward.,sports
Every game is a new opportunity to shine.,sports
"The grind is real, but so are the rewards.",sports
The only limit is the one you set for yourself.,sports
"Success is a journey, not a destination.",sports
The thrill of competition fuels my fire.,sports
Every drop of sweat is a step closer to my goals.,sports
Wandering through the vibrant streets of Marrakech.,culture
Lost in the beauty of Kyoto's cherry blossoms.,culture
Every corner of Paris tells a story.,culture
Dancing to the rhythm of the tango in Buenos Aires.,culture
Sipping tea in a traditional Japanese tea house.,culture
Exploring the colorful markets of Istanbul.,culture
The art of storytelling is alive in every culture.,culture
Finding peace in the ancient temples of Angkor Wat.,culture
"Capturing the essence of Venice, one gondola at a time.",culture
The history of Athens is written in its ruins.,culture
Embracing the vibrant culture of New Orleans.,culture
The beauty of the Sahara is beyond words.,culture
Every sunset in Santorini feels like a painting.,culture
The intricate designs of Indian architecture never cease to amaze.,culture
Exploring the rich heritage of the Mayans in Tulum.,culture
The colors of the Holi festival are pure joy.,culture
A journey through the art galleries of Florence.,culture
The sound of the sitar takes me to another world.,culture
Discovering the hidden gems of Lisbon.,culture
The spirit of the Andes is alive in every step.,culture
Walking through the history of the Great Wall of China.,culture
The flavors of Morocco are a feast for the senses.,culture
Every mural in Berlin tells a story of resilience.,culture
The beauty of the fjords is a sight to behold.,culture
"Exploring the ancient city of Petra, a true wonder.",culture
The dance of the hula is a celebration of life.,culture
Finding inspiration in the streets of Havana.,culture
The architecture of Barcelona is a masterpiece.,culture
The warmth of a traditional family meal in Italy.,culture
The vibrant culture of the Maasai people is captivating.,culture
Every festival in India is a riot of colors.,culture
The serenity of the Japanese gardens is unmatched.,culture
Exploring the rich history of the Inca Trail.,culture
The beauty of the Northern Lights is a cultural phenomenon.,culture
The stories of the past echo through the ruins of Pompeii.,culture
The flavors of Thailand are a culinary adventure.,culture
The art of calligraphy is a beautiful tradition.,culture
The music of the Andes fills my soul with joy.,culture
The intricate patterns of Persian rugs tell a story.,culture
The beauty of the Amalfi Coast is a cultural treasure.,culture
The spirit of the Maori culture is inspiring.,culture
Exploring the ancient traditions of the Sami people.,culture
The beauty of the Taj Mahal is a symbol of love.,culture
The vibrant street art of Melbourne is a cultural expression.,culture
The history of the pyramids is a testament to human ingenuity.,culture
The flavors of the Mediterranean are a culinary delight.,culture
The beauty of the Scottish Highlands is breathtaking.,culture
The traditions of the Inuit people are rich and diverse.,culture
The art of pottery in Oaxaca is a cultural legacy.,culture
The beauty of the Great Barrier Reef is a natural wonder.,culture
The stories of the past come alive in the museums of London.,culture
The vibrant culture of the Philippines is a celebration of life.,culture
The beauty of the fjords is a testament to nature's artistry.,culture
The traditions of the Zulu people are rich and vibrant.,culture
The art of origami is a beautiful expression of creativity.,culture
The flavors of the Caribbean are a tropical delight.,culture
The beauty of the Swiss Alps is a cultural treasure.,culture
The history of the Colosseum is a testament to ancient engineering.,culture
The vibrant culture of Brazil is a celebration of life.,culture
The beauty of the Sahara Desert is a sight to behold.,culture
The traditions of the Navajo people are rich and diverse.,culture
The art of glassblowing is a mesmerizing craft.,culture
The flavors of the South are a culinary journey.,culture
The beauty of the Rocky Mountains is a natural wonder.,culture
The history of the Acropolis is a testament to ancient civilization.,culture
The vibrant culture of the Caribbean is a celebration of life.,culture
The beauty of the Amazon rainforest is a treasure to protect.,culture
The traditions of the Aboriginal people are rich and diverse.,culture
The art of weaving is a beautiful cultural expression.,culture
The flavors of the Middle East are a culinary adventure.,culture
The beauty of the Great Wall of China is a cultural marvel.,culture
The history of the Roman Forum is a glimpse into ancient life.,culture
The vibrant culture of the Basque Country is a feast for the senses.,culture
The beauty of the fjords in Norway is a breathtaking experience.,culture
The traditions of the Celtic people are rich in folklore.,culture
The art of tattooing in Polynesia is a cultural rite of passage.,culture
The flavors of Ethiopian cuisine are a unique culinary journey.,culture
The beauty of the Serengeti is a testament to nature's wonders.,culture
The history of the Berlin Wall is a powerful reminder of resilience.,culture
The vibrant culture of the Caribbean islands is infectious.,culture
The beauty of the Galapagos Islands is a natural paradise.,culture
The traditions of the Hopi people are deeply rooted in spirituality.,culture
The art of storytelling is a cherished tradition in many cultures.,culture
The flavors of Spanish tapas are a delightful culinary experience.,culture
The beauty of the Scottish Isles is a hidden gem.,culture
The history of the Taj Mahal is a love story etched in stone.,culture
The vibrant culture of the Maasai Mara is captivating.,culture
The beauty of the fjords in New Zealand is awe-inspiring.,culture
The traditions of the Sami people are a testament to resilience.,culture
The art of dance is a universal language of expression.,culture
The flavors of Vietnamese cuisine are a culinary delight.,culture
The beauty of the Canadian Rockies is a sight to behold.,culture
The history of the ancient city of Carthage is fascinating.,culture
The vibrant culture of the Caribbean Carnival is a celebration of life.,culture
The beauty of the Great Barrier Reef is a treasure to protect.,culture
The traditions of the Inuit people are rich in storytelling.,culture
The art of painting in the Renaissance is a cultural legacy.,culture
The flavors of Indian street food are a culinary adventure.,culture
The beauty of the fjords in Chile is breathtaking.,culture
The history of the ancient city of Machu Picchu is awe-inspiring.,culture
The vibrant culture of the Philippines is a celebration of life.,culture
The beauty of the Sahara is a reminder of nature's power.,culture
The traditions of the Maori people are rich in heritage.,culture
The art of sculpture is a beautiful expression of creativity.,culture
The flavors of Moroccan cuisine are a culinary delight.,culture
The beauty of the Swiss countryside is a cultural treasure.,culture
The history of the ancient city of Petra is a wonder to explore.,culture
The vibrant culture of the Caribbean is a celebration of life.,culture
The beauty of the Amazon River is a natural wonder.,culture
The traditions of the Zulu people are rich in music and dance.,culture
The art of photography captures the essence of culture.,culture
The flavors of Italian gelato are a sweet indulgence.,culture
The beauty of the Northern Lights is a cultural phenomenon.,culture
The history of the ancient ruins of Pompeii is captivating.,culture
The vibrant culture of the Basque Country is a culinary delight.,culture
The beauty of the fjords in Norway is a breathtaking experience.,culture
The traditions of the Navajo people are rich in art and storytelling.,culture
The art of pottery in Japan is a beautiful cultural expression.,culture
The flavors of Thai street food are a culinary adventure.,culture
The beauty of the Great Wall of China is a cultural marvel.,culture
The history of the Roman Empire is a fascinating journey.,culture
The vibrant culture of the Caribbean islands is infectious.,culture
The beauty of the Serengeti is a testament to nature's wonders.,culture
The traditions of the Celtic people are rich in folklore.,culture
The art of weaving in Peru is a beautiful cultural legacy.,culture
The flavors of Middle Eastern cuisine are a culinary delight.,culture
The beauty of the Rocky Mountains is a natural wonder.,culture
The history of the Acropolis is a testament to ancient civilization.,culture
The vibrant culture of the Caribbean is a celebration of life.,culture
The beauty of the Amazon rainforest is a treasure to protect.,culture
The traditions of the Aboriginal people are rich and diverse.,culture
The art of calligraphy is a beautiful expression of creativity.,culture
The flavors of the Mediterranean are a culinary journey.,culture
The beauty of the Scottish Highlands is breathtaking.,culture
The history of the Colosseum is a testament to ancient engineering.,culture
The vibrant culture of Brazil is a celebration of life.,culture
The beauty of the Sahara Desert is a sight to behold.,culture
The traditions of the Navajo people are rich and diverse.,culture
The art of glassblowing is a mesmerizing craft.,culture
The flavors of the South are a culinary journey.,culture
The beauty of the Rocky Mountains is a natural wonder.,culture
The history of the Acropolis is a testament to ancient civilization.,culture
The vibrant culture of the Caribbean is a celebration of life.,culture
The beauty of the Amazon rainforest is a treasure to protect.,culture
The traditions of the Aboriginal people are rich and diverse.,culture
The art of weaving is a beautiful cultural expression.,culture
The flavors of the Middle East are a culinary adventure.,culture
The beauty of the Great Wall of China is a cultural marvel.,culture
The history of the Roman Forum is a glimpse into ancient life.,culture
The vibrant culture of the Basque Country is a feast for the senses.,culture
The beauty of the fjords in Norway is a breathtaking experience.,culture
The traditions of the Celtic people are rich in folklore.,culture
The art of tattooing in Polynesia is a cultural rite of passage.,culture
The flavors of Ethiopian cuisine are a unique culinary journey.,culture
The beauty of the Serengeti is a testament to nature's wonders.,culture
The history of the Berlin Wall is a powerful reminder of resilience.,culture
The vibrant culture of the Caribbean islands is infectious.,culture
The beauty of the Galapagos Islands is a natural paradise.,culture
The traditions of the Hopi people are deeply rooted in spirituality.,culture
The art of storytelling is a cherished tradition in many cultures.,culture
The flavors of Spanish tapas are a delightful culinary experience.,culture
The beauty of the Scottish Isles is a hidden gem.,culture
The history of the Taj Mahal is a love story etched in stone.,culture
The vibrant culture of the Maasai Mara is captivating.,culture
The beauty of the fjords in New Zealand is awe-inspiring.,culture
The traditions of the Sami people are a testament to resilience.,culture
Just another night of laughter and good vibes.,enterntainment
Catching the latest blockbuster with friends!,enterntainment
Living for the moments that take my breath away.,enterntainment
Every concert is a new adventure.,enterntainment
The stage is my happy place.,enterntainment
Binge-watching my favorite series like there's no tomorrow.,enterntainment
The magic of movies never gets old.,enterntainment
Dancing like nobody's watching at the festival.,enterntainment
Every song tells a story.,enterntainment
The thrill of live performances is unmatched.,enterntainment
Creating memories one movie night at a time.,enterntainment
The best nights are spent with good friends and great music.,enterntainment
Every show is a chance to escape reality.,enterntainment
The spotlight feels like home.,enterntainment
Laughing until my stomach hurts at the comedy club.,enterntainment
Every playlist is a journey through my soul.,enterntainment
The art of storytelling is alive in every performance.,enterntainment
Finding joy in the little moments of life.,enterntainment
The energy of a live crowd is electric.,enterntainment
Every dance floor is a new adventure.,enterntainment
The beauty of art is in its ability to inspire.,enterntainment
Every movie is a new world to explore.,enterntainment
The thrill of the stage keeps me coming back for more.,enterntainment
Creating magic one performance at a time.,enterntainment
The best stories are the ones we live.,enterntainment
Every concert is a celebration of life.,enterntainment
The joy of music is a universal language.,enterntainment
Every laugh shared is a memory made.,enterntainment
The beauty of theater is in its ability to transport us.,enterntainment
Every song is a chapter in my life.,enterntainment
The thrill of the spotlight is addictive.,enterntainment
Creating unforgettable moments with friends.,enterntainment
Every performance is a chance to shine.,enterntainment
The magic of cinema brings us together.,enterntainment
Every dance is a celebration of life.,enterntainment
The joy of live music is unparalleled.,enterntainment
Every movie night is a chance to escape reality.,enterntainment
The beauty of art is in its ability to connect us.,enterntainment
"Every show is a new adventure 40. ""The thrill of the crowd fuels my passion.",enterntainment
Every laugh is a reminder to enjoy life.,enterntainment
The stage is where I find my voice.,enterntainment
Every concert is a memory in the making.,enterntainment
The magic of storytelling captivates my heart.,enterntainment
Every dance move tells a story.,enterntainment
The joy of performance is in the connection.,enterntainment
Every film is a journey into the unknown.,enterntainment
The energy of live music is contagious.,enterntainment
Every night out is a chance to create memories.,enterntainment
The beauty of art is in its diversity.,enterntainment
Every song is a piece of my soul.,enterntainment
The thrill of the theater is a rush like no other.,enterntainment
Every moment spent with friends is a treasure.,enterntainment
The magic of movies brings us together.,enterntainment
Every performance is a chance to express myself.,enterntainment
The joy of laughter is the best medicine.,enterntainment
Every dance floor is a place to let loose.,enterntainment
The beauty of art is in its ability to inspire.,enterntainment
Every show is a celebration of creativity.,enterntainment
The thrill of the spotlight is exhilarating.,enterntainment
Every concert is a chance to lose myself in the music.,enterntainment
The joy of storytelling is in its power to connect.,enterntainment
Every laugh shared is a moment cherished.,enterntainment
The energy of a live performance is unmatched.,enterntainment
Every movie is a new adventure waiting to unfold.,enterntainment
The beauty of art is in its ability to evoke emotions.,enterntainment
Every dance is a celebration of life and joy.,enterntainment
The thrill of the stage keeps me coming back for more.,enterntainment
Every song is a reminder of the moments that matter.,enterntainment
The magic of theater is in its ability to transport us.,enterntainment
Every performance is a chance to shine bright.,enterntainment
The joy of music is a universal experience.,enterntainment
Every movie night is a chance to escape reality.,enterntainment
The beauty of art is in its ability to tell stories.,enterntainment
Every concert is a celebration of life and love.,enterntainment
The thrill of the crowd is a rush like no other.,enterntainment
Every laugh is a reminder to embrace joy.,enterntainment
The stage is where I feel most alive.,enterntainment
Every dance move is a form of expression.,enterntainment
The magic of cinema is in its ability to inspire.,enterntainment
Every performance is a chance to connect with others.,enterntainment
The joy of live music is a feeling like no other.,enterntainment
Every moment spent with friends is a gift.,enterntainment
The beauty of storytelling is in its power to heal.,enterntainment
Every show is a new opportunity to create magic.,enterntainment
The thrill of the spotlight is a feeling I crave.,enterntainment
Every concert is a chance to celebrate life.,enterntainment
The joy of laughter is a reminder to live fully.,enterntainment
Every dance is a celebration of who we are.,enterntainment
The magic of theater is in its ability to move us.,enterntainment
Every song is a reflection of my journey.,enterntainment
The energy of a live crowd is electric.,enterntainment
Every movie is a chance to explore new worlds.,enterntainment
The beauty of art is in its ability to connect us all.,enterntainment
Every performance is a chance to share my passion.,enterntainment
The joy of music is a universal language.,enterntainment
Every laugh shared is a moment to cherish.,enterntainment
The thrill of the stage is a rush I can't resist.,enterntainment
Every concert is a celebration of creativity.,enterntainment
The magic of storytelling is in its ability to inspire change.,enterntainment
Every dance floor is a place to express myself.,enterntainment
The beauty of art is in its diversity and richness.,enterntainment
Every show is a chance to create unforgettable memories.,enterntainment
The joy of live music is a feeling that lingers.,enterntainment
Every moment spent with friends is a treasure to hold.,enterntainment
The thrill of the spotlight is a feeling like no other.,enterntainment
Every song is a chapter in the story of my life.,enterntainment
The magic of cinema brings us together in laughter and tears.,enterntainment
Every performance is a chance to shine and inspire.,enterntainment
The joy of laughter is the best way to connect.,enterntainment
Every dance is a celebration of life and love.,enterntainment
The beauty of art is in its ability to evoke emotions.,enterntainment
Every concert is a chance to lose myself in the music.,enterntainment
The thrill of the crowd fuels my passion for performance.,enterntainment
Every movie night is a chance to escape into a new world.,enterntainment
The magic of storytelling captivates my heart and soul.,enterntainment
Every laugh shared is a moment to cherish forever.,enterntainment
The energy of a live performance is something you can't replicate.,enterntainment
Every song is a reminder of the journey I've taken.,enterntainment
The beauty of art is in its ability to inspire and uplift.,enterntainment
Every show is a celebration of creativity and expression.,enterntainment
The thrill of the stage keeps me coming back for more.,enterntainment
Every concert is a chance to connect with others through music.,enterntainment
The joy of storytelling is in its power to heal and unite.,enterntainment
Every dance is a celebration of who we are and where we come from.,enterntainment
The magic of theater is in its ability to transport us to different worlds.,enterntainment
Every performance is a chance to share my passion with the audience.,enterntainment
The joy of live music is a feeling that lingers long after the last note.,enterntainment
Every moment spent with friends is a gift that keeps on giving.,enterntainment
The thrill of the spotlight is a rush that never gets old.,enterntainment
Every song is a reflection of my experiences and emotions.,enterntainment
"The magic of cinema brings us together in laughter, tears, and joy.",enterntainment
Every performance is a chance to inspire and uplift others.,enterntainment
The joy of laughter is the best way to connect with those around us.,enterntainment
Every dance floor is a place to let loose and express myself.,enterntainment
"The beauty of art is in its diversity and richness, reflecting our world.",enterntainment
Every show is a chance to create unforgettable memories with friends.,enterntainment
The thrill of live music is a feeling that can't be matched.,enterntainment
Every moment spent with loved ones is a treasure to hold close.,enterntainment
The magic of storytelling is in its ability to inspire change and growth.,enterntainment
"Every dance is a celebration of life, love, and joy.",enterntainment
The beauty of art is in its ability to evoke deep emotions and thoughts.,enterntainment
Every concert is a chance to lose myself in the rhythm and melody.,enterntainment
The thrill of the crowd fuels my passion for performance and creativity.,enterntainment
Every movie night is a chance to escape into a world of imagination.,enterntainment
"The magic of storytelling captivates my heart and soul, leaving a lasting impact.",enterntainment
Every laugh shared is a moment to cherish and remember.,enterntainment
The energy of a live performance is something that stays with you forever.,enterntainment
Every song is a reminder of the journey I've taken and the memories I've made.,enterntainment
The beauty of art is in its ability to inspire and uplift the human spirit.,enterntainment
"Every show is a celebration of creativity, passion, and expression.",enterntainment
"The thrill of the stage keeps me coming back for more, time and time again.",enterntainment
Every concert is a chance to connect with others through the universal language of music.,enterntainment
"The joy of storytelling is in its power to heal, unite, and inspire change.",enterntainment
"Every dance is a celebration of who we are, where we come from, and where we're going.",enterntainment
The magic of theater is in its ability to transport us to different worlds and experiences.,enterntainment
Every performance is a chance to share my passion and connect with the audience.,enterntainment
The joy of live music is a feeling that lingers long after the last note has been played.,enterntainment
"Every moment spent with friends is a gift that keeps on giving, creating lasting memories.",enterntainment
"The thrill of the spotlight is a rush that never gets old, igniting my passion for performance.",enterntainment
"Every song is a reflection of my experiences, emotions, and the journey I've taken.",enterntainment
"The magic of cinema brings us together in laughter, tears, and joy, creating shared experiences.",enterntainment
"Every performance is a chance to inspire and uplift others, leaving a lasting impact.",enterntainment
"The joy of laughter is the best way to connect with those around us, creating bonds that last.",enterntainment
"Every dance floor is a place to let loose, express myself, and celebrate life.",enterntainment
"The beauty of art is in its diversity and richness, reflecting the world we live in.",enterntainment
